[
  {
    "id": "1",
    "customerId": "1",
    "customerName": "Amana Qatar Contracting",
    "amount": 1000.0,
    "invoiceDate": "2024-10-02",
    "dueDate": "2024-10-08"
  },
  {
    "id": "2",
    "customerId": "2",
    "customerName": "Qatar Computing Center",
    "amount": 2000.0,
    "invoiceDate": "2024-10-02",
    "dueDate": "2024-10-09"
  },
  {
    "id": "3",
    "customerId": "3",
    "customerName": "Kahramaa",
    "amount": 3000.0,
    "invoiceDate": "2024-10-02",
    "dueDate": "2024-10-08"
  }
]
